<application>
  <component name="GitRememberedInputs">
    <option name="visitedUrls">
      <list>
        <UrlAndUserName>
          <option name="url" value="http://gitlab.sit.cmft.com" />
          <option name="userName" value="ex-chenp003" />
        </UrlAndUserName>
        <UrlAndUserName>
          <option name="url" value="http://code-c.cmft.com" />
          <option name="userName" value="ex-chenp003" />
        </UrlAndUserName>
      </list>
    </option>
  </component>
  <component name="Vcs.Log.App.Settings">
    <option name="COMPACT_REFERENCES_VIEW" value="false" />
    <option name="SHOW_CHANGES_FROM_PARENTS" value="true" />
    <option name="SHOW_DIFF_PREVIEW" value="true" />
    <option name="COLUMN_ORDER">
      <list>
        <option value="0" />
        <option value="2" />
        <option value="3" />
        <option value="1" />
      </list>
    </option>
  </component>
</application>